Site;Termo;Título;Preço Total;Fator Calculado;Preço Ref (Kg/Un);Link
Mercado Livre;Carnibol Baunilha;Carnibol Proteina Isolado Baunilha 1.8kg - Darkness;256.0;1.0;256.0;https://click1.mercadolivre.com.br/mclics/clicks/external/MLB/count?a=AVBe0RBYyog06W%2BcRcDOD%2BvVhoiH6sXYokMtHsR%2B3hv4JAH%2FsvTsgyZ5GfnNEteHseJuIVPpiIAZFDLCdOrag3M0gpW%2BxESmlMBm6GprAilbXJTeZN2mLFtif%2Bd4LeFXW040brwFyUzhCTT10w0VuI%2FzAwYNCoCWU0YqUVW%2B0bFUeps3wGEMxvvZR8cC4lGZiaW6vdih7l2ULknddR65nfcuz%2F3DBuFON7rtMoOq5U9MTzJuomkYZzXiAaHTOR3gHcoupf4P3YVmXbj2aZkaQtMwirczwTXFupgGfwczmCotXu80zD1T5EMVpKRBy5deJ2JNHpg%2BDIaqwYTsLUCBuebFOuUJp3ufIPGEohmG%2FmRjrQ0RquxXvSvnT47sB%2B0VnnY9LTLGlVIQ3HVZh4heVjooZsbjFuD6ehVcFJGuJQIlvHMbnj5TA1IbD2OJiUCV4crlV4VxsqnZgtDN67TSvP%2BT4aCZMUWiHd4JEGwc4B%2Fv9IGWCu%2Br9LMLiI%2Fua8efzt%2ByhnmNFimbQJl%2BIBfu6%2FbhbqYgY0xvU4UxTyFjNGQkKfm1mgwL2%2F7lm1YHMkk9hMJKOA06Fa67S%2FVwX1GwRh89pVcsd1V08w4QFXkRq8b0bHOyiaDNnVFW6jp%2F6ernmq9nIX5E9RaPDEV857gwyFJflvdGK5MB%2FGKJtSxxDo30d5ScIegbLP6%2FFHSA4XWt%2F9GGvBEVaLQD0KWk6UQeR7ZprBUMRPWD6FIWZuL2ObxVyQ83vNQ6K%2FCpvUXpYOxdib1zaFQB1ryvuGFtkL1eyk5ng64m0y2bJKK5m53W1qgfRPuxYe2m5%2BL5afF5ZlSmRUsdEas7RQWc6C2tcvgTaAx%2FOjhuSYAdJVJL89kVZkvH5SXnoXLfTEDDLiO%2B%2BIuuU916tnpAVT8zvn3fMf1qMs1uoWZ9uVpBAyMHhu53Bz5VBWkw47DbOuswg6gQwdMRxp8QPRqs8pkLtck%3D#polycard_client=search-desktop&is_advertising=true&searchVariation=MLB49055772&backend_model=search-backend&search_layout=grid&position=1&type=pad&tracking_id=d35fff7a-84d0-4fbd-8a33-c689f2c6093b&wid=MLB4056484835&sid=search
Mercado Livre;Carnibol Baunilha;Kit Carnibol Isolado Baunilha 1.8kg Coqueteleira - Darkness;264.0;1.0;264.0;https://click1.mercadolivre.com.br/mclics/clicks/external/MLB/count?a=%2Fx6vla8eaPkDC5vJ40s0PK1ZrDUMnfz8oQ%2FXSW0SJjTZmtn6lU%2BusW%2Fglb4MuIcxUnhF%2F2gwXw7ClhB840gxAATPofoGHnywR5X%2Fm9u0nvbCoertKMKSFjAj3qnH4%2F8fuLFflhSesgebwx6CD7alKwkVsGpHuKeGksLpTo55et%2FiV4jm4gjzaAU4B%2Fva4%2BKVmQGSgxmCv0lUzuhy4TzA8jt648%2BHtzjg7wzXWpFmnfRDBPLfszh7s5DROPDNAe%2BpLCN3dOKIe%2BiEqgnNq9yYPgaB6UKQ7XmBexTlb1bhW9ReF%2FJugKB24Wxgf%2F%2FlrU5hdiJbrbk643ExVqmK6HsulhqzwvlWMuUC85VqLwjDkpnPsLABx3xFoMIRQj4Z7RMIDMpoMCDKwS4b2lOQpKn5xy5f6QMapEzM25DaWEqTlamPj5lpgC1Cw8O%2FZaz3VGHh8dzen80iWy1%2BL9sK%2FhGLnzofnieC3QiL3p6jzW94ISINX0cZ4%2FYwhzT3kPaDMpDmNvcHGKAxpL6QuLwROLCthP2HZg6O67rifdYUfQqE%2BYuJqzqZaewHJVaDNLBoEnIvSxzFcqtiVXoA%2FfCtUhrYf0FG584pe41xpWvKbvTjsaxr%2B23RhT340IN4ovALNMW1I%2FrUbk0sCTLiXtIKkR4HeX20YZ3jFf2xkqS2Ew3KyPyabXvMBJU1m3gDV6jLsOkPEzLe%2Frv%2BV8ia1NfUbGG92ZhOkBcwmG9hXae0dwKG3CCUI1iwiZnOFGLlzzaeRdPZ1qjhztMIP3dK4GgkUu2nM2WbKsiNTTF66F6FSrzgSv31sZpq42VsL8p2iQSDDb2FyfFXPNGK7vWKrLHm%2BSNFgxjR3k0yMRG6LzSZP7oxOPhreBm6dFoARwIxd1992zfhW%2Bs0hhmCF9%2B%2FW%2BtldNufXgSvu6zbENixP4KV5t1CDGFkO%2B%2FIC9NSabfNm6hocZQZCCyA12wPoHCm2O4pqaGequ20qg%3D%3D#polycard_client=search-desktop&is_advertising=true&searchVariation=MLB49487236&backend_model=search-backend&search_layout=grid&position=2&type=pad&tracking_id=d35fff7a-84d0-4fbd-8a33-c689f2c6093b&wid=MLB5484175880&sid=search
Mercado Livre;Carnibol Baunilha;Carnibol Darkness Integralmédica Sabor Baunilha 900g;132.0;1.0;132.0;https://www.mercadolivre.com.br/carnibol-darkness-integralmedica-sabor-baunilha-900g/p/MLB36625592#polycard_client=search-desktop&search_layout=grid&position=3&type=product&tracking_id=d35fff7a-84d0-4fbd-8a33-c689f2c6093b&wid=MLB5342549130&sid=search
Mercado Livre;Carnibol Baunilha;Whey Proteína de Carne Carnibol Baunilha 900g Darkness;139.0;1.0;139.0;https://www.mercadolivre.com.br/whey-proteina-de-carne-carnibol-baunilha-900g-darkness/p/MLB36952317#polycard_client=search-desktop&search_layout=grid&position=4&type=product&tracking_id=d35fff7a-84d0-4fbd-8a33-c689f2c6093b&wid=MLB3905053203&sid=search
Mercado Livre;Carnibol Baunilha;Whey Carnibol Proteína Da Carne 907g Integralmédica Darkness Sabor Baunilha;140.0;1.0;140.0;https://www.mercadolivre.com.br/whey-carnibol-proteina-da-carne-907g-integralmedica-darkness-sabor-baunilha/p/MLB50008608#polycard_client=search-desktop&search_layout=grid&position=5&type=product&tracking_id=d35fff7a-84d0-4fbd-8a33-c689f2c6093b&wid=MLB4062726607&sid=search
Mercado Livre;Carnibol Baunilha;Whey Proteína de Carne Carnibol Blueberry 900g Darkness;129.0;1.0;129.0;https://www.mercadolivre.com.br/whey-proteina-de-carne-carnibol-blueberry-900g-darkness/p/MLB36103587#polycard_client=search-desktop&search_layout=grid&position=6&type=product&tracking_id=d35fff7a-84d0-4fbd-8a33-c689f2c6093b&wid=MLB3905066303&sid=search
Mercado Livre;Carnibol Baunilha;Combo 2x Carnibol + 2x Coqueteleira - Darknes Integralmedica;618.0;1.0;618.0;https://www.mercadolivre.com.br/combo-2x-carnibol-2x-coqueteleira-darknes-integralmedica/p/MLB46564805#polycard_client=search-desktop&search_layout=grid&position=7&type=product&tracking_id=d35fff7a-84d0-4fbd-8a33-c689f2c6093b&wid=MLB5305731452&sid=search
Mercado Livre;Carnibol Baunilha;Proteína Da Carne Carnibol - Darkness (907g) Integralmedica Sabor Baunilha;156.0;1.0;156.0;https://www.mercadolivre.com.br/proteina-da-carne-carnibol-darkness-907g-integralmedica-sabor-baunilha/p/MLB39957269#polycard_client=search-desktop&search_layout=grid&position=8&type=product&tracking_id=d35fff7a-84d0-4fbd-8a33-c689f2c6093b&wid=MLB4029926619&sid=search
Mercado Livre;Carnibol Baunilha;Carnibol Proteina Isolado Baunilha 1.8kg - Darkness;256.0;1.0;256.0;https://www.mercadolivre.com.br/carnibol-proteina-isolado-baunilha-18kg-darkness/p/MLB49055772#polycard_client=search-desktop&search_layout=grid&position=9&type=product&tracking_id=d35fff7a-84d0-4fbd-8a33-c689f2c6093b&wid=MLB4056484835&sid=search
Mercado Livre;Carnibol Baunilha;Kit Carnibol Isolado Baunilha 1.8kg Coqueteleira - Darkness;264.0;1.0;264.0;https://www.mercadolivre.com.br/kit-carnibol-isolado-baunilha-18kg-coqueteleira-darkness/p/MLB49487236#polycard_client=search-desktop&search_layout=grid&position=10&type=product&tracking_id=d35fff7a-84d0-4fbd-8a33-c689f2c6093b&wid=MLB5484175880&sid=search
Mercado Livre;Carnibol Baunilha;Kit 2 Carnibol Proteina Isolado Baunilha 1.8kg - Darkness;522.0;2.0;261.0;https://www.mercadolivre.com.br/kit-2-carnibol-proteina-isolado-baunilha-18kg-darkness/p/MLB49487430#polycard_client=search-desktop&search_layout=grid&position=11&type=product&tracking_id=d35fff7a-84d0-4fbd-8a33-c689f2c6093b&wid=MLB5452731780&sid=search
Mercado Livre;Carnibol Baunilha;Carnibol Proteína Da Carne Isolada 900g - Integralmedica;144.0;1.0;144.0;https://produto.mercadolivre.com.br/MLB-1891200852-carnibol-proteina-da-carne-isolada-900g-integralmedica-_JM?searchVariation=183123501047#polycard_client=search-desktop&searchVariation=183123501047&search_layout=grid&position=12&type=item&tracking_id=d35fff7a-84d0-4fbd-8a33-c689f2c6093b
Mercado Livre;Carnibol Baunilha;Carnibol Proteína Carne Isolado Hidro 1,8kg - Integralmédica;310.0;1.0;310.0;https://click1.mercadolivre.com.br/mclics/clicks/external/MLB/count?a=hrQXQcl078OH8Z9xoX8%2BtLO77oWNb4OjqbBjnzUORO3YIunJ1nig7AR58GPz7dyPNWQ1w7U4RSJxNvcPYsWm8Df6QHqx%2BVYMMH6ZxxaQ7BWf0HrWvmhOQfhKoITNO%2B%2B2lzHSqc1mQGNa1%2FyaLWyNzh9%2BFORVygX6br%2BR6BQz4XpFuigtPskGrW3xw2nFTTzUtDIu4ZfC4%2B%2BvQQwUZtw0fGKXd9C3nXr8sePbj9VGupU5SgBmKIMsE87mWKD3r8LSyjP1Y3OyA2YBLNG3g%2B4M6lwJqU6RUbnQVrfrksr55TFb8oLY1Sz36wcMI4pptXdRh42%2FfPISmEeHVd0q0qzDCE4XX0JgGK8zaV5Q%2Bj%2FBC%2BPQ8L5oRnqnRr%2FftFTQ%2Fw95v6E219CZKqQprHYglH0HIhFt8%2B1YNCpSdBrVPnuK1l3uIUbs%2FmpiCQVLtXh6otrOZQYTs3AL3lPrbmrWp94M6DB9qvlQnP7iGlNKc904TrHD28Ij81iNtkwSvV5rC2Nv8C1Ve6bdgJTLFfe15zM0H0wIJSlfVQFHLC8rbBlQ%2FLZM9k4Zr6t4Hz3P0%2BiXK%2BPKG3VbqiqKTkvt8HKWalZespQsjIXixtp%2BxOH7fcs5bRXWw3ljJIoVWb1s01EPY73cpqtlTEGRRveVag2kChAPC8s86zygwsRvUJHfyGYpB9z%2FUJzaaOt59DQDAHsgJWdeopNpNzEWQvXd1yNiq9fxq9FdxTH2AswwEjPOODvE4aaGnB%2BoJFB2TvVkCT36hOTFAFQOtwfPud6hG8ByvYARs4RKl5aZzsap3IIKAvtP1Nw0mlgLQv0jmwJXH%2BwI9h%2F00zgu6Anr5e3FH8a172zsDG74RHUbpju%2BnwpbPQXyehAWzNCibYWhNGYAL6zuyAyxHXPC3QBy%2BAKVXxU9EraErEC6OpwnLHmkYIfcZD78lY4svDBeGb2hkT3C3IYZPG4mZHy7yvXpIK18H0bdEurnNusPIgJQsw%3D%3D#polycard_client=search-desktop&is_advertising=true&searchVariation=MLB32431387&backend_model=search-backend&search_layout=grid&position=13&type=pad&tracking_id=d35fff7a-84d0-4fbd-8a33-c689f2c6093b&wid=MLB3721480231&sid=search
Mercado Livre;Carnibol Baunilha;Whey Proteína de Carne Carnibol Blueberry 900g Darkness;129.0;1.0;129.0;https://click1.mercadolivre.com.br/mclics/clicks/external/MLB/count?a=mhQJq%2Fn97ewMBUP9v7jMVu21REwZkhvL9ptLQVckfcheOIIiEh5%2Fazbg4f1eCAZjqRpyU8AvwGmfK%2F0emhIsECqwvryJu%2BNDvK24OSssG5JwLiCQ%2FlgROnlS07TTmqKg2bESBv1IMPMgpOYqX5uakrzg9HpMff%2FMviB7txpbKeVY7bX83vUcEwaF6LWCB4WhL2wpb3Ww5sUnoxBY38UoI%2F%2BbqCHcvss2f7UqhBnWFhcaXHj1y3OWoa9%2FVpl0L97EzjJdYnQZOIEjqrvIeFlbXjDHunAJcNjRV52I1bxRWPBnmlHA3HzuGoKvyxoKxsP%2Buxr22Er2Oaaba%2FeqU4dM11pjy1R6Ci6GBCK6EpwyWXNDtUXGVHsg8aMDMEt73hF0Ag5BhbTzaJIEhL4A0lH5K8lid2za8dXDvokey5dFuRRl5EeHTbGNOuFB8bbnY3bZcQWB09mb43BxYH8foSAfnl2OAhc5%2BvkYxnVTXvffd64GwJxXu6%2FdXxDDXDy9XrVYEO1ruFBSyZSotamwUt6OFiNIAGyD9dogSHoZeqCkWHsuEHXIMSeqZH92BM%2FIxN4qc%2BPaBweP0YjdldIfQxNIonbP8A0EbJrk%2FTyOwTn4YZ0a6SFKBOCkpH1q1pixslD1WuWW0bMV%2FvG%2Fwr3ZJpFKT1C4WKu8a8SSgAcKVduFBFmM6LRF%2BWL1pCUgBbZARzCgqvHG6Wd%2FEMY173gMiY3kr%2BFEiCPN4t8U3fFVIAd%2BY%2F92mL%2BJ%2FdwCStUNe2Xu7LGdON0B%2FjHW8GhPl5r9Zw%2FHvYEFpsIf7WUq0E9lKBEdNakVtZbLZDVdoIDeZjq8wM3Du0MlLRnISHA0mRmfS3eIdDMm7NIKUuIAdE8HKXc%2BISxbEXw9b6SVtVSTyQXdOy7RYBWtEL4A6AeAwesWmxKF4gfE2Jz9C769agNE1%2FBrECFSRXZsKXprOeT%2BUjGFPX6ua5PlxGTSXFX%2FYIbrmN0FytXQRvY%3D#polycard_client=search-desktop&is_advertising=true&searchVariation=MLB36103587&backend_model=search-backend&search_layout=grid&position=14&type=pad&tracking_id=d35fff7a-84d0-4fbd-8a33-c689f2c6093b&wid=MLB3905066303&sid=search
Mercado Livre;Carnibol Baunilha;Suplemento Em Po Carnibol 1,8kg Choco Darkness Sabor Chocolate;369.0;1.0;369.0;https://click1.mercadolivre.com.br/mclics/clicks/external/MLB/count?a=zNhkIwFlviQHSRA8FYeSldzKTqbhWJrLJcRaRr1es3B1Nh3PQrzvhF%2F4rJdsUMl2GoQifP0Ie6cfejkUkxo%2BfKwnKR4y0dqjAYLDe8rH3JzY4js7RL%2F5%2F5nteAYSlNOZorMc3ZQTdh2xSiqIGENCB6iOr8s92upm5rimQvNU4jUNGhhxbolBi6Vah9NWpT1QMo7rwF1EQqxAOcxSO7AsQ0rdJY8ZzuveLGd6UndsJuh%2F3Pf7w9ZMsz%2FNkDyeU9VjhRDxpSWfULuw0v3R4%2BGNLsPBXcj6pm8vMV8A%2FqkmdgUXldhanDxMhht73ePu96ECk3IWB2BJb2UzoqazIXRdoZ%2BxuJB5sxDzUuayQQEauPU%2Bh43pQqbaZb1QAHeJjBqbdfTWTEFcDFkECj61Jb3mlkLjDiUpXjR6TJDZYyFykCLil%2B5V6mNKtMoBQsKVQh3WJi8AFTd%2FU%2FY8NJmzgPEevxmZvqmY5NjYCYRS17tRaWT3eHGxsn6lI7lQbr%2BYq%2Flm6K3vJOWjXc7jvi9E8mYJWhqC8aRUmf5zo3bF3VA7atiZ8P7nNUy6%2B%2F8uCeyu3rOOHS%2B6Dhi5ZdowE%2BpriteS06ql6yE4vWDCeKFOVAwXLu9zI0GI5%2B5lHRxd2HXOZiFHRpCraPskXYIQS0hyYd1FpC06i%2F17Bia0aKHWb6TqL16vWM2qqM8nwwsN%2BPwbj84I8c11OlV044bwVHh1Px5F1AkeM%2Bs0e1bRXo%2BwjC1FqhqMGnRspK2UVT8KZe0g50xSU5X6INe7nqdQwBNdR6sDkVRVNliKUCEqSTIRY3BuO7%2BNhgmU0Y7QXhyLvq4L0%2BuV1s4Dt%2FEb8G0rhgDojkgdE10io2ttpoC1mtW7nABGAd2RQMqW0%2BE1%2FFrJqZjBkKFdCaPWrsESI%2Fhu1%2BjiT%2BOcANGO%2BjMpO5tVY4giEW6rpTsy1A4mJAN8s%2FYptbSaQC%2FTvtxKTx%2BkU%2FIEavaVnkli74AJmHpdzBOd#polycard_client=search-desktop&is_advertising=true&searchVariation=MLB45703830&backend_model=search-backend&search_layout=grid&position=15&type=pad&tracking_id=d35fff7a-84d0-4fbd-8a33-c689f2c6093b&wid=MLB3961014001&sid=search
Mercado Livre;Carnibol Baunilha;Whey 100% Pure 900g - Integralmédica;110.0;1.0;110.0;https://click1.mercadolivre.com.br/mclics/clicks/external/MLB/count?a=oZJ7f49lTcsU2CtI2pk3Pype0ErZuRYSmaEEbxKu6vV40OxQC3RBNvH6CbmW6x0pqHXvLCHRSQZ5vU6Y7zxAuFM8T5CNZB3InOPrZgQQO5ZZZGETgXHN4slXYmvQQZDU5OIMMserTXpi8vIBfQyO1DAE8i7zwHqZYHa%2BmdtGNV9VjqB3k1Esj0yPNUFg6fTJmQ6b0JOqHTOFBeglGLoR%2BqdhzlTqYc2c6xH39xWH3%2BfpCgKTJTzrkOnCjT3U%2Ff%2BwncyXkY%2BO%2FibWnQ8KF1TSDpukfa8jhcYGIKe8bTy3TVjvuSXlwK8FYhStQNBd2y2DM4zqwN4juluss%2BvmpTksFlytffNJj9dtEii8gCXTIA8YYV39s%2FOzic%2FfODcHt44YcsM1UdwoJeU7ilF7PN45AH371Izo7ZM2bErl1g1ObZkgv%2BFgmEMFf7WXSSSDk%2BESk%2FTBinjMLO9lCDhfj8bCl2yKeGpwp1UoQzoOjkm1%2BkAHrAAgnBTNku5Ke7k1aFpgpQPzNx8UDRrUpMPUHAyOBNAlRkPUvJICbPjH4tDeWh4kT8FfUgKXUGWCbL9ANXtBQ%2F3uCyBiT4YvjBGJstBA5%2BXFHbDbyRs1008mKPgcEZZjXsRdFgGlj%2F0e24HMSBP0Y7l0lLpIjkTKervrfcXQZuwIrkIzOzjmSFgxOELWHLrmYPtl5WZjTC6aNT2UXSvNni2pbbUhgkftkUlcrmT0MVgPTuITkw7zxQLFighNFupYZWuYCzgvLe4Ilbrm1GoypF7HpXu1utKEVZ4C3IpCPynACHQr9Zeu8%2FLQ55P58knz8nCwFGdVY7s3OG5MQjEpEgHVc26Q4CVCjjwgvvS%2B33mFMnuCLq6Fv7cf57fGB83Twv%2B94xZeGpeJ0rIicT%2F17p%2B2VLNthq6VVE1617GZVLay3Vx5aKl%2Fy7Hc2KhzykgjjDKHZaYFrvi0A7CT7w%3D%3D&searchVariation=184176058862#polycard_client=search-desktop&is_advertising=true&searchVariation=184176058862&backend_model=search-backend&search_layout=grid&position=16&type=pad&tracking_id=d35fff7a-84d0-4fbd-8a33-c689f2c6093b
Mercado Livre;Carnibol Baunilha;Proteina Carne Isolado Baunilha 900g - Darkness Baunilha;142.0;1.0;142.0;https://www.mercadolivre.com.br/proteina-carne-isolado-baunilha-900g--darkness/up/MLBU3330354368#polycard_client=search-desktop&search_layout=grid&position=17&type=product&tracking_id=d35fff7a-84d0-4fbd-8a33-c689f2c6093b&wid=MLB5525476372&sid=search
Mercado Livre;Carnibol Baunilha;Whey Carnibol Proteína Da Carne 907g Integralmédica Darkness;140.0;1.0;140.0;https://produto.mercadolivre.com.br/MLB-3452617689-whey-carnibol-proteina-da-carne-907g-integralmedica-darkness-_JM?searchVariation=187418598381#polycard_client=search-desktop&searchVariation=187418598381&search_layout=grid&position=18&type=item&tracking_id=d35fff7a-84d0-4fbd-8a33-c689f2c6093b
Mercado Livre;Carnibol Baunilha;Proteina Da Carne Carnibol 900g - Integralmedica;143.0;1.0;143.0;https://produto.mercadolivre.com.br/MLB-1503753467-proteina-da-carne-carnibol-900g-integralmedica-_JM?searchVariation=183124969625#polycard_client=search-desktop&searchVariation=183124969625&search_layout=grid&position=19&type=item&tracking_id=d35fff7a-84d0-4fbd-8a33-c689f2c6093b
Mercado Livre;Carnibol Baunilha;Whey Proteína De Carne Carnibol Baunilha 900g Darkness Baunilha;154.0;1.0;154.0;https://www.mercadolivre.com.br/whey-proteina-de-carne-carnibol-baunilha-900g-darkness/up/MLBU3730248167#polycard_client=search-desktop&search_layout=grid&position=20&type=product&tracking_id=d35fff7a-84d0-4fbd-8a33-c689f2c6093b&wid=MLB6175463542&sid=search
Mercado Livre;Carnibol Baunilha;Carnibol Darkness Integralmédica Sabor Baunilha 900g Baunilha;149.0;1.0;149.0;https://www.mercadolivre.com.br/carnibol-darkness-integralmedica-sabor-baunilha-900g/up/MLBU3225649952#polycard_client=search-desktop&search_layout=grid&position=21&type=product&tracking_id=d35fff7a-84d0-4fbd-8a33-c689f2c6093b&wid=MLB5419775412&sid=search
Mercado Livre;Carnibol Baunilha;Suplemento Carnibol Darkness Integralmédica 900g Promoção;149.0;1.0;149.0;https://produto.mercadolivre.com.br/MLB-5144160082-suplemento-carnibol-darkness-integralmedica-900g-promoco-_JM?searchVariation=182049542710#polycard_client=search-desktop&searchVariation=182049542710&search_layout=grid&position=22&type=item&tracking_id=d35fff7a-84d0-4fbd-8a33-c689f2c6093b
Mercado Livre;Carnibol Baunilha;Carnibol Proteina Isolado Baunilha 1.8kg - Darkness Baunilha;263.0;1.0;263.0;https://www.mercadolivre.com.br/carnibol-proteina-isolado-baunilha-18kg--darkness/up/MLBU3157372755#polycard_client=search-desktop&search_layout=grid&position=23&type=product&tracking_id=d35fff7a-84d0-4fbd-8a33-c689f2c6093b&wid=MLB4052387247&sid=search
Mercado Livre;Carnibol Baunilha;Carnibol Proteina Carne Baunilha 900g - Integralmedica  Baunilha;170.0;1.0;170.0;https://www.mercadolivre.com.br/carnibol-proteina-carne-baunilha-900g--integralmedica/up/MLBU2333230361#polycard_client=search-desktop&search_layout=grid&position=24&type=product&tracking_id=d35fff7a-84d0-4fbd-8a33-c689f2c6093b&wid=MLB3751774109&sid=search
Mercado Livre;Carnibol Baunilha;Whey Protein Nutri Whey Concentrado Isolado Baunilha 1,8kg Baunilha;161.0;1.0;161.0;https://click1.mercadolivre.com.br/mclics/clicks/external/MLB/count?a=UcXiLp9U2foGjWDoMBuI4Rlg46qX%2F6fqDw4XXUnVSWnyfXXsGRfq6g%2BG50JeqcnQ4tyNAGs%2BtiVlCeMiKjp3Yir0EGbVShYKb%2BRQJWn%2BwCnVibes7x3x4iD3bPVLkTMQ%2B17mPm%2B0dOvVKZ5ipk0ekx6bXwZLhjbcy4SVkAhLbshz6Z3oz%2B%2BHJFwE7U0nrQpRIS4O5QK%2FWVUIwbnhqE2s2o2TKuIts3ZV0czWhNGAXLV9zav%2BOuLbVa%2Fpy0Eo%2FCZOSh1O2u4Ecqo3%2ByVWSnPAkrgVi9eWDFmPwvUQdSD0xqwX540g5JHkQTbHvNlcLWpMO7dTUxy%2FViKOC%2F1vJFbl00emr7zeQMN9fyDT4hZGi6p6TbNTwQnmWpkHMqZMtmkYZzmW0QR2Y9sbDZTZi1nlByHYT5RIaLgaemMviIIWt3UKj3CwnEqNQOyw22N4idxRkOCKc8DE%2BPvzoReQtJFALWRd8UuZwIRnwfE%2BCBUi%2BtnkbdBm2bz715R33bijOATctuVUnd%2F9iWbOc2rC5koMcH0xiQ4TEhEX3EHYKclJY8lcaXKaqvYgZ9qwEiVnNxOoKNQf%2B9JPJbOZ7QsLmRAuTVYcFaSkaY1LtmN4RaCORHOiJCdOsO3dNbW2VmZ91ktYYqDd%2BHaEaeiT5HfGuhyGspbdd7uLwYuHld4Kbv9HalwSP9aVkWQ8IJ4kdkCGz7ReJJqx06IuU7hAydH6JEy1XGMWKsw2f1kofkWHLQFvT9cZZ%2BYsf9HneHYJYJhTfgkpHmyN5J6JgNx1wM3qPamLEQfrovOg5CBVhqB18aid%2BvYXoqlGEQNIUB2F31%2BKa8gN8PDXFeDl2eP1gnFUwhdl8ZhFllCKUqRGNr6YoP%2F%2F6y7VVemggp1%2BNx1vYoKIxC6WmGd5libfNFWwhfib9OFljirv%2B5s0vwFJo86yrBSAVzVCHyYOA8ufh%2BBlEorq%2BOlh4ENtk2dlt4cYbGtaKSv90prp%2BH9Hq6npQg9D1w%3D%3D#polycard_client=search-desktop&is_advertising=true&searchVariation=MLBU2216009918&backend_model=search-backend&search_layout=grid&position=25&type=pad&tracking_id=d35fff7a-84d0-4fbd-8a33-c689f2c6093b&wid=MLB3075116751&sid=search
Mercado Livre;Carnibol Baunilha;Suplementos Para Quem Tem Dificuldade De Engordar E Peso Sabor Baunilha;224.0;1.0;224.0;https://click1.mercadolivre.com.br/mclics/clicks/external/MLB/count?a=rWjWGeElVQUr72N45NWwYRJ2V8m78n7Px2riOpxM20B8e7QXvP10ZV%2Bmth8NsjZ1oMixkC%2BGPuw%2B7FZ3JbXIGFh8KyocctMOVJx%2BlCfIbMp7eGNwgH3QnjRBcx67%2FoE4EWxacvWLPNsFVrnzg6LzgPBQmHeobYPK2BuugHysweqajjQuaa4tlyRe%2BhPL1krG7%2Fwscwvn8WYr5TexR%2BrbWY34wxq8%2Fm3k5YnLNOH2evL4VGQ6OoXmfsRnPMY%2F6uN3lhKUxcXfQiHlSj5xyixMSo6LFgDG7f4xsqiAtahkuMzg3AAFsIyOvWscLRO%2BZM9m6gttj6vAw0vOIyHuboNqokieQm%2BEOlEiuhIiFxZtuxWjM9n4%2Fi0ydovhrXiFZeGf2M9DkJVwjyZJ8kjZ12sGPts3lS8LTvapN89PVGEqJwkovmfezMqlwudcZPX0MO3Sdzot%2F482bafCoROuPEmwRXWSp1ecFNMcUS4i4vBCIdhpE6UIayDUKn1tTTndQU7xr%2FKpwXoOVXyfWVmehphW%2BIwMiagD91F2KLxghLuMafJiN6XdZVDLzqYi83Id0B1IDddOnGhgg2Xp69hQgUaa0ZXf4cr0JeXJrg2YnGZH%2F5IIcxvsXYYvpQ4zJMdJNnnDYFioNJv%2BaOFwNa8O1RtS6Kl9v7ivEbkVbrOkboareOVOyufM7nSdqdvLcSJJpMpoxeIph4I%2Fpv0n0mRsc6iLlJyZ1Bufq6g3hM7f8NLsSgQow3z489NNg6xuhFb6UqdMfJKpUMqN4BeWXxvyPB3TaGTbvSvi6LbpvZ6qLvSxmT4IaNZal0X2QWyM7BMajDvCrKQ7NC7HHs7%2FOQdH1eJjTb%2BBheLgY3WkokU6AwioyV4EOHt2ZWuvbFjw7k%2BBcircqLfQ%2FlGFWRZ5jg1nA0CY0xPCaqMP1mtt1lv%2BEmovUBWkHqmQubtCX9JYumRpV3iZcRZg4r547yk5em3ZtrSJliNDyKG5ozDUTSGE9Z4e%2BODDVNjxQg%3D%3D#polycard_client=search-desktop&is_advertising=true&searchVariation=MLB43790120&backend_model=search-backend&search_layout=grid&position=26&type=pad&tracking_id=d35fff7a-84d0-4fbd-8a33-c689f2c6093b&wid=MLB5422176550&sid=search
Mercado Livre;Carnibol Baunilha;Creamass Hipercalórico Pouch Baunilha 3kg Integralmédica;70.0;1.0;70.0;https://click1.mercadolivre.com.br/mclics/clicks/external/MLB/count?a=8uoQFx%2FYWrUo7RvTZPs0fzHHFotk%2F0j%2BmD4LQUfHFjOz3TSuXxWnIpIqWiO2aimHT7cv0CghJFqYQ0XNhk3Hbk00chVXHiO7TGsiV0ct5X%2F04daV3MB0seRu2PmDC13nDvBYaYLURMbm3%2BzwCYuQ6zC3Qt5LYovipzxhlqYXlGl1ZK29IbrXwvVbmXXo5%2FSYkQ5Lat14VwjSVQOQXxFNbpO5BDRNmjpybyerw%2FyrNFaR9U6bOkHzvjrPAgJKW4uUqyv%2F99jvt0rC0NrR4ldpvwFKMMiEVMWIuplY0wfcSP9NQ0qkhvBQX3LLWXKBRezhcbZmli0aI0w7tTrObPBIpt0fLDkf58CFJNItqYhXgVNl9SCrrT4M4Lndn5ppBaREoVJ93IS6tGrCFRyZzhfju%2FL6pTQsd8MnsDkDI0tjIKKE%2BvrsleURQj6byaVKGh9RGoY7YwXCGF0rvjiV6QsV7yL4mVtTOWtyYb4YEYq1dki6ttLJhX4tOpkMdrm5oOOIf4bSw%2FkVi1Z9T1VN%2BfiXt1%2BAK4h8yTqUELZk0Huj7%2FO9Ej0ATN7F8NqpFy%2BMLeJeHoI7xLGDBnpOF5wqp7V%2Fb86oa6gsmLeduuNtSHQmdvUq2bs7cvFPCm8Tz9%2Fd%2F6laWE5YnD47oByQdi40mhprpA%2FiseOV3woEh5XBg%2BUTusXqUFkwBuRZIsZgqolsPVwh7c9sWi1DeUfgoeIuNDl0D8A2FvYMdjXP8Ar9hY0PvOlhizzPqXg%2BA43%2FzJWeeYSH0AztGjmfD%2BgwFUHSSXEikBClznBiHCRojnSN0WKj9T9CH1F5nbyE7rAVAwDC8uGHKvGyLtbsiiRde%2Fe3Ix2Fhl9NnDviFvrYoJootyZ10HPzh5JELLrnfizm2meZBEUG%2B22Yar5%2BdnSP7Xout%2FBDl9s5gH1f7HWNC7eiXH4l8t1Sn%2BQEbuDS3ShQd8%2Fi87vBN14YDCeyIi2iCsOcFNa3XyJppw%3D%3D#polycard_client=search-desktop&is_advertising=true&searchVariation=MLB36172348&backend_model=search-backend&search_layout=grid&position=27&type=pad&tracking_id=d35fff7a-84d0-4fbd-8a33-c689f2c6093b&wid=MLB3905063213&sid=search
Mercado Livre;Carnibol Baunilha;Top Whey 100% Hiper Pure 907g Isolada Concentrada - Refil Sabor Baunilha;170.0;1.0;170.0;https://click1.mercadolivre.com.br/mclics/clicks/external/MLB/count?a=M1ct0%2BP7iGQe4uOisRytwj%2F0V4hU7pTZAs0e2t7NTlwlEUQdCsog92VJZy6LCaey1zCRMAgoKb2gku9PrVDzT%2FxpgFlY64yeCo6Z6KALYSOKNPyjLmZmg0Z083xYwDydWYXKv5ERd1AJM2etOWN6FOQ%2BG1ZB0LC8Pmqfe%2FoDc6H5w%2BVjv3O8rew75A8yPqz2JYt2EYTUt1pxz%2FTneWhXENd4fDNttY5B3%2FMbB%2BewGOlb19sFOqNcBYtAP%2F1OTa3pmjxhiPIDHVykcg9Av1irpg2NVv%2Fse3kp%2BrdN0OJU43JOUqBIUva37%2BQKMYFjuMW2V%2FznCmEazq1lu%2Bh0ZP7POrAhR2z5T%2BhUHSPINJ4sP8CXOreexNPB94LsA2AHmcyRQNOuZMHls2ORRAFLRuSmadJ%2Fe1irKXUEABpee2CQ%2BIUeYJBQ8U0p%2BonKx1yekeLUChVPdNGkeo3ldqpOYm9IDvjasEJbHh0A3CdLBxldNwYDnbAAcaABTABZLkqqeKBY9AbalT9dCamKHyRZ5GU8g%2BsbYyOWMMtDe5U5qe1banj4o6h0rKfSmT6zCwai47RUwLzv2EeWZfZ7bhx4UU%2FdemgX%2By2wTpZgvJKSYCqWJ7Y6XQSq5SKOfX9o0MKPTrQ%2F3TPSc2ijtQbscCrmk%2BcSdhejJMuyh67%2B0uDsH55PI9kPqzpVXobe22nxYfl1BcXbujBXrrr0jUsCs1ffp6DB3algaQraY9eIDwHPXcbdcZqkDUuUyHUaPCfCLK6TKZ2rlKdyqH2EA0%2BZnXGWyyXuJpDPVbb6QwCRWCG53TBr%2FIBH45LONjss%2Fh8GpgUsDgpSt7YbxPKzHT0lv7MA5vDyIHreuLOWNjeoeBjnqa7FT1jl0IIspaoCzQUnnTYhHFI3JlA%2BQ7LfBxQbHii%2By5Q9Och9WYekZ3xfNu1jo3DJy9PeAH3d4pBOMXAZvOASgFE%2BsLO1BR2v0IAlQNWfHATIjATeehhFFXFYsYbDwixVctik#polycard_client=search-desktop&is_advertising=true&searchVariation=MLB44020864&backend_model=search-backend&search_layout=grid&position=28&type=pad&tracking_id=d35fff7a-84d0-4fbd-8a33-c689f2c6093b&wid=MLB5199243570&sid=search
Mercado Livre;Carnibol Baunilha;Whey Protein 100% Pure Vitamina Isolada Promoçao;131.0;1.0;131.0;https://produto.mercadolivre.com.br/MLB-1860371927-whey-protein-100-pure-vitamina-isolada-promocao-_JM?searchVariation=82270019665#polycard_client=search-desktop&searchVariation=82270019665&search_layout=grid&position=29&type=item&tracking_id=d35fff7a-84d0-4fbd-8a33-c689f2c6093b
Mercado Livre;Carnibol Baunilha;Carnibol Proteina Carne Baunilha 900g - Integralmedica  Baunilha;152.0;1.0;152.0;https://www.mercadolivre.com.br/carnibol-proteina-carne-baunilha-900g--integralmedica/up/MLBU2337872036#polycard_client=search-desktop&search_layout=grid&position=30&type=product&tracking_id=d35fff7a-84d0-4fbd-8a33-c689f2c6093b&wid=MLB3751787301&sid=search
Mercado Livre;Carnibol Baunilha;Whey Proteína De Carne Carnibol Baunilha 900g Darkness Promo Baunilha;139.0;1.0;139.0;https://www.mercadolivre.com.br/whey-proteina-de-carne-carnibol-baunilha-900g-darkness-promo/up/MLBU3678776696#polycard_client=search-desktop&search_layout=grid&position=31&type=product&tracking_id=d35fff7a-84d0-4fbd-8a33-c689f2c6093b&wid=MLB6047281672&sid=search
Mercado Livre;Carnibol Baunilha;Carnibol Whey 900g Sabores - Darkness / Integralmédica;182.0;1.0;182.0;https://produto.mercadolivre.com.br/MLB-5031092726-carnibol-whey-900g-sabores-darkness-integralmedica-_JM?searchVariation=184573741111#polycard_client=search-desktop&searchVariation=184573741111&search_layout=grid&position=32&type=item&tracking_id=d35fff7a-84d0-4fbd-8a33-c689f2c6093b
Mercado Livre;Carnibol Baunilha;Carnibol Darkness 900g Baunilha Baunilha;202.0;1.0;202.0;https://www.mercadolivre.com.br/carnibol-darkness-900g-baunilha/up/MLBU3379522484#polycard_client=search-desktop&search_layout=grid&position=33&type=product&tracking_id=d35fff7a-84d0-4fbd-8a33-c689f2c6093b&wid=MLB5619507230&sid=search
Mercado Livre;Carnibol Baunilha;Whey Protein 100% Purê 907gr Refil - Integral Medica;131.0;1.0;131.0;https://produto.mercadolivre.com.br/MLB-1860346110-whey-protein-100-pur-907gr-refil-integral-medica-_JM?searchVariation=82268610231#polycard_client=search-desktop&searchVariation=82268610231&search_layout=grid&position=34&type=item&tracking_id=d35fff7a-84d0-4fbd-8a33-c689f2c6093b
Mercado Livre;Carnibol Baunilha;Whey Carnibol Proteína Da Carne 907g Darkness - Baunilha Baunilha;172.0;1.0;172.0;https://www.mercadolivre.com.br/whey-carnibol-proteina-da-carne-907g-darkness--baunilha/up/MLBU1991787196#polycard_client=search-desktop&search_layout=grid&position=35&type=product&tracking_id=d35fff7a-84d0-4fbd-8a33-c689f2c6093b&wid=MLB4863104944&sid=search
Mercado Livre;Carnibol Baunilha;Darkness Carnibol Proteína Ultra Concentrada Baunilha 900g Baunilha;179.0;1.0;179.0;https://www.mercadolivre.com.br/darkness-carnibol-proteina-ultra-concentrada-baunilha-900g/up/MLBU3656770915#polycard_client=search-desktop&search_layout=grid&position=36&type=product&tracking_id=d35fff7a-84d0-4fbd-8a33-c689f2c6093b&wid=MLB6015084584&sid=search
Mercado Livre;Carnibol Baunilha;Nutri Whey Isolado E Concentrado (todos Os Sabores);78.0;1.0;78.0;https://click1.mercadolivre.com.br/mclics/clicks/external/MLB/count?a=bxwoV6pQYhUc3rUO%2BNBK6RYqHyb8ugbaIfnwD4QsmrgCuKhq8%2BtiWt%2FGLZkNzId3BZY6HulNBWdEYk2gJ6GFuWOFJsJXRqoblPn99IcHPIMcsr1BDvjYQJrxBx%2B2ju54LuytjBTeWF31WKRvi2I0IHSFFFvhCDCMK5igSYXOmOTBdaLHaEI3ylgxy%2BN6vnqDl%2B4O93EwmL%2BLiE0FMsrAireKQv%2F9ZFgsEuIPbUFctSAGPF3xdggjGlG4GSdtQCh%2FPA9RmBqgzJ7bkjvnlu395PLiJQqXHu%2FGOvc%2FdSjoPYhQJ94YVedNRmaiqHdiBsyyGq2I%2BewVRwTxWH0f0YmqFsBo492HtIT3TtKgcA1Z%2FLc5eVzjIbplSsD5zEMvfHC7y9UuuX4xbTOtuGqnDTZ5uMk2tbX0sRnyUz9oVZOypDnrog1E3nEheav4lmdn02xpzFtiXv6wjLEEDEQ49tsO%2B%2BEe%2FY0XNHPJzmNZFl%2BAv%2FU3a6m5Q2MzDxiL%2FjjsOSizJyWmrWlmICa%2Bu8qVKHQdMChs1mGH0%2FkiVkTR6nP723yXudvyn1D5U%2Bn0Xv8jPkLydxYB8fCaGmG8h6%2FHAettAGgTEWI1BSp6Jv5Hdf%2BJE94yCO1tYWC0kP%2F4o9we9sEGyXiZnhxFeotL93NMd2sop31hz0VMvbIeSEbG7c%2Fl6X0ltL%2Br2M%2FrnZ3jsKuzrsmmn%2Fwbqd%2B8u%2B3YgY8IHLxavdzPnXy8p3GvAB6k9o86HYEXei6tzKzT%2FzXfzNJVZkfYo%2BjJRIOtUNyvQZMFiRq5RM2zEXjnld1S2vuLL2cJVcuZkiBnZWBwLmHnBL97nJhlX5REzb9AHhGQ%2F96h7nTuipx4IfPoKuI%2BzUT1FqXfVylrQQAAnAVRwurRCcJ8P1HIvKHwFmXxc2DT6y%2FQPhxffodLYj%2Ba%2FH8oG6g%2Bc0Ea8soP1o62d0hAGgQia8X7lOa3lKzF2A1Y9H%2B%2FGgQL&searchVariation=176245656522#polycard_client=search-desktop&is_advertising=true&searchVariation=176245656522&backend_model=search-backend&search_layout=grid&position=37&type=pad&tracking_id=d35fff7a-84d0-4fbd-8a33-c689f2c6093b
Mercado Livre;Carnibol Baunilha;Whey Protein 100% Pure 907gr Refil Integralmédica - Original;148.0;1.0;148.0;https://click1.mercadolivre.com.br/mclics/clicks/external/MLB/count?a=cuDVdceXNg5uBb3cjCV7jkjeMGf4d0LAk%2B72Vqod42z9JYLOsVJO1V6s9RkgUZBWqUQPpTBIus1MbEqOQHveF%2Fu1xdSO6CEiftJmR4ymTuzsFc7Iy2CDO8%2BPWfrTrVNGnpjImI4kPPvHp4AFseajuZQx4RhKB%2Bg6RfdNyr9jZvbyV4cz8Zy%2BjrWDdlwHFkwwXx%2BLGi7uyu%2BhfwqAePrXv9xphEhASgVllje%2FRIC276uB56cnxL7nU%2B9BoIDV67CmWAUIIB0iBQ8DtfI8h2OrGecmWWQU9g93yVFSIslxDKdHRAlGDRIYdkIeWGtwkIInPFKc3BvxvOTbNa%2BJLNpnTvBX9ZTw02AXB0jBT2fe9t5CsUCqojKvE0VjKpY8%2BUT0Y7t3Z6c0AbodxAseM9%2FPruF7Vy8K1%2BbEVcbjAnmXH3WTqo%2BpX7HJ9tq9Oxr5v4cmy2myZ7Jy%2BTFjGGM9US%2Bnp3izNP6QE5GyYqcph0mIsODXg6YOLnPWsw%2BpJIHNzUInAmdt5E0JF4wsyiTFJNbYFLLgHtAW9J5wQLO%2BY8dj1SGdhSFhyLrsSvhIffP4fcv5HPokd3JkB7VpIlpbXPo20eZVC%2BmyF2TFERuJJptZ76xtUIlcxSCiBSbiKH%2FNg%2FWUvCKPu%2B%2F%2BgXB6x0dFkl2QkAdzRaP8u%2Ffououu0DLknkdah7bSKfUetIVIuVBiCvvhCEd%2B5mlsL43Hia7lZlNTXXIkqnuRW15CtBTroaEakJWImIPmFLjvroH6qlD95ir44IANFuUv6hO%2Ba7BA%2F1Vlqje8w6YMNcmariwKQBK8zThZiq153%2BgKRQQL7YBGVTI5O9Q6iQBSAWPQxhJ%2BVjXKOm2kafi3QqRa1AKuRxM%2Fb67FBo9aRazw%2BkggEn7Tez993lihouqA7SJ%2Fs62V%2FFU5XTJuc%2FBRJYEXhQ7yyRse5L2uX6J3c1vyl8zhYpEwOJ8egXvM8YGRT8WCzdCrffvSLnOuteox&searchVariation=186252704073#polycard_client=search-desktop&is_advertising=true&searchVariation=186252704073&backend_model=search-backend&search_layout=grid&position=38&type=pad&tracking_id=d35fff7a-84d0-4fbd-8a33-c689f2c6093b
Mercado Livre;Carnibol Baunilha;Carnibol 907g Darkness Integralmedica;159.0;1.0;159.0;https://produto.mercadolivre.com.br/MLB-3128476216-carnibol-907g-darkness-integralmedica-_JM?searchVariation=183126542101#polycard_client=search-desktop&searchVariation=183126542101&search_layout=grid&position=39&type=item&tracking_id=d35fff7a-84d0-4fbd-8a33-c689f2c6093b
Mercado Livre;Carnibol Baunilha;Whey Proteína De Carne Carnibol Baunilha 900g Darkness Pro Baunilha;190.0;1.0;190.0;https://www.mercadolivre.com.br/whey-proteina-de-carne-carnibol-baunilha-900g-darkness-pro/up/MLBU3678802982#polycard_client=search-desktop&search_layout=grid&position=40&type=product&tracking_id=d35fff7a-84d0-4fbd-8a33-c689f2c6093b&wid=MLB6047283742&sid=search
Mercado Livre;Carnibol Baunilha;Carnibol 907g Darkness Integralmedica + Coqueteleira;174.0;1.0;174.0;https://produto.mercadolivre.com.br/MLB-2159239702-carnibol-907g-darkness-integralmedica-coqueteleira-_JM?searchVariation=183430430895#polycard_client=search-desktop&searchVariation=183430430895&search_layout=grid&position=41&type=item&tracking_id=d35fff7a-84d0-4fbd-8a33-c689f2c6093b
Mercado Livre;Carnibol Baunilha;Whey Isolado E Concetrado 100% 907gr - Integral Medica Massa;160.0;1.0;160.0;https://produto.mercadolivre.com.br/MLB-1878904887-whey-isolado-e-concetrado-100-907gr-integral-medica-massa-_JM?searchVariation=84114257583#polycard_client=search-desktop&searchVariation=84114257583&search_layout=grid&position=42&type=item&tracking_id=d35fff7a-84d0-4fbd-8a33-c689f2c6093b
Mercado Livre;Carnibol Baunilha;Carnibol Darkness Integralmedica 907g Baunilha;202.0;1.0;202.0;https://www.mercadolivre.com.br/carnibol-darkness-integralmedica-907g/up/MLBU3379524536#polycard_client=search-desktop&search_layout=grid&position=43&type=product&tracking_id=d35fff7a-84d0-4fbd-8a33-c689f2c6093b&wid=MLB5619481612&sid=search
Mercado Livre;Carnibol Baunilha;Carnibol - 907g Baunilha - Integralmédica Baunilha;190.0;1.0;190.0;https://www.mercadolivre.com.br/carnibol--907g-baunilha--integralmedica/up/MLBU2287460248#polycard_client=search-desktop&search_layout=grid&position=44&type=product&tracking_id=d35fff7a-84d0-4fbd-8a33-c689f2c6093b&wid=MLB5117743088&sid=search
Mercado Livre;Carnibol Baunilha;Carnibol Darkness 900g Baunilha Baunilha;202.0;1.0;202.0;https://www.mercadolivre.com.br/carnibol-darkness-900g-baunilha/up/MLBU3379522604#polycard_client=search-desktop&search_layout=grid&position=45&type=product&tracking_id=d35fff7a-84d0-4fbd-8a33-c689f2c6093b&wid=MLB5619532920&sid=search
Mercado Livre;Carnibol Baunilha;Carnibol Baunilha 900g - Darkness 0;223.0;1.0;223.0;https://www.mercadolivre.com.br/carnibol-baunilha-900g--darkness/up/MLBU3097084591#polycard_client=search-desktop&search_layout=grid&position=46&type=product&tracking_id=d35fff7a-84d0-4fbd-8a33-c689f2c6093b&wid=MLB4019504493&sid=search
Mercado Livre;Carnibol Baunilha;Carnibol Darkness Integralmédica Sabor Baunilha 900g;169.0;1.0;169.0;https://produto.mercadolivre.com.br/MLB-6194780248-carnibol-darkness-integralmedica-sabor-baunilha-900g-_JM?searchVariation=189751468850#polycard_client=search-desktop&searchVariation=189751468850&search_layout=grid&position=47&type=item&tracking_id=d35fff7a-84d0-4fbd-8a33-c689f2c6093b
Mercado Livre;Carnibol Baunilha;Whey Proteína De Carne Carnibol Baunilha 900g Darkness Baunilha;210.0;1.0;210.0;https://www.mercadolivre.com.br/whey-proteina-de-carne-carnibol-baunilha-900g-darkness/up/MLBU3493712196#polycard_client=search-desktop&search_layout=grid&position=48&type=product&tracking_id=d35fff7a-84d0-4fbd-8a33-c689f2c6093b&wid=MLB4252110875&sid=search
Mercado Livre;Carnibol Baunilha;Whey Proteína De Carne Carnibol Baunilha 900g Darkness Baunilha;203.0;1.0;203.0;https://www.mercadolivre.com.br/whey-proteina-de-carne-carnibol-baunilha-900g-darkness/up/MLBU3705337991#polycard_client=search-desktop&search_layout=grid&position=49&type=product&tracking_id=d35fff7a-84d0-4fbd-8a33-c689f2c6093b&wid=MLB6132381708&sid=search
Mercado Livre;Carnibol Baunilha;Carnibol Darkness Integralmédica Sabor Baunilha 900g;192.0;1.0;192.0;https://produto.mercadolivre.com.br/MLB-4400943901-carnibol-darkness-integralmedica-sabor-baunilha-900g-_JM?searchVariation=188869731440#polycard_client=search-desktop&searchVariation=188869731440&search_layout=grid&position=50&type=item&tracking_id=d35fff7a-84d0-4fbd-8a33-c689f2c6093b
Mercado Livre;Carnibol Baunilha;Carnibol 907g 2lbs Integralmedica;185.0;1.0;185.0;https://produto.mercadolivre.com.br/MLB-5361451798-carnibol-907g-2lbs-integralmedica-_JM?searchVariation=183420551912#polycard_client=search-desktop&searchVariation=183420551912&search_layout=grid&position=51&type=item&tracking_id=d35fff7a-84d0-4fbd-8a33-c689f2c6093b
Mercado Livre;Carnibol Baunilha;Carnibol Proteína Carne Isolado Hidro 1,8kg - Integralmédica;310.0;1.0;310.0;https://www.mercadolivre.com.br/carnibol-proteina-carne-isolado-hidro-18kg-integralmedica/p/MLB32431387#polycard_client=search-desktop&search_layout=grid&position=52&type=product&tracking_id=d35fff7a-84d0-4fbd-8a33-c689f2c6093b&wid=MLB3721480231&sid=search
Mercado Livre;Carnibol Baunilha;Carnibol Blueberry 900g - Darkness Proteina Isolada Da Carne Blueberry;132.0;1.0;132.0;https://www.mercadolivre.com.br/carnibol-blueberry-900g--darkness-proteina-isolada-da-carne/up/MLBU3018995156#polycard_client=search-desktop&search_layout=grid&position=53&type=product&tracking_id=d35fff7a-84d0-4fbd-8a33-c689f2c6093b&wid=MLB3976856293&sid=search
Mercado Livre;Carnibol Baunilha;Suplemento Em Pó Carnibol Isolado Chocolate 900g - Darkness;174.0;1.0;174.0;https://www.mercadolivre.com.br/suplemento-em-po-carnibol-isolado-chocolate-900g-darkness/p/MLB45124023#polycard_client=search-desktop&search_layout=grid&position=54&type=product&tracking_id=d35fff7a-84d0-4fbd-8a33-c689f2c6093b&wid=MLB3941697503&sid=search
Mercado Livre;Carnibol Baunilha;Kit 2x Carnibol Isolado Hidro Chocolate 900g - Integramedica Chocolate;316.0;2.0;158.0;https://www.mercadolivre.com.br/kit-2x-carnibol-isolado-hidro-chocolate-900g--integramedica/up/MLBU1985551984#polycard_client=search-desktop&search_layout=grid&position=55&type=product&tracking_id=d35fff7a-84d0-4fbd-8a33-c689f2c6093b&wid=MLB3851705113&sid=search
Mercado Livre;Carnibol Baunilha;Creamass Hipercalórico Pouch Baunilha 3kg Integralmédica;70.0;1.0;70.0;https://www.mercadolivre.com.br/creamass-hipercalorico-pouch-baunilha-3kg-integralmedica/p/MLB36172348#polycard_client=search-desktop&search_layout=grid&position=56&type=product&tracking_id=d35fff7a-84d0-4fbd-8a33-c689f2c6093b&wid=MLB3905063213&sid=search
Mercado Livre;Carnibol Baunilha;Whey 100% Pure Baunilha 900g Integralmedica - Proteína Concentrada para Crescimento e Definição Muscular;110.0;1.0;110.0;https://www.mercadolivre.com.br/whey-100-pure-baunilha-900g-integralmedica-proteina-concentrada-para-crescimento-e-definico-muscular/p/MLB18218398#polycard_client=search-desktop&search_layout=grid&position=57&type=product&tracking_id=d35fff7a-84d0-4fbd-8a33-c689f2c6093b&wid=MLB3904989289&sid=search
Mercado Livre;Carnibol Baunilha;Suplemento Em Po Carnibol 1,8kg Choco Darkness Sabor Chocolate;369.0;1.0;369.0;https://www.mercadolivre.com.br/suplemento-em-po-carnibol-18kg-choco-darkness-sabor-chocolate/p/MLB45703830#polycard_client=search-desktop&search_layout=grid&position=58&type=product&tracking_id=d35fff7a-84d0-4fbd-8a33-c689f2c6093b&wid=MLB3961014001&sid=search
Mercado Livre;Carnibol Baunilha;Nutri Whey Protein Pouch Baunilha 900g Integralmédica;56.0;1.0;56.0;https://www.mercadolivre.com.br/nutri-whey-protein-pouch-baunilha-900g-integralmedica/p/MLB18537209#polycard_client=search-desktop&search_layout=grid&position=59&type=product&tracking_id=d35fff7a-84d0-4fbd-8a33-c689f2c6093b&wid=MLB3904967819&sid=search
Mercado Livre;Carnibol Baunilha;Integralmedica ISO Triple Zero Whey Protein Isolado Sabor Baunilha - Suplemento Alimentar Proteico - Pote 900g;248.0;1.0;248.0;https://www.mercadolivre.com.br/integralmedica-iso-triple-zero-whey-protein-isolado-sabor-baunilha-suplemento-alimentar-proteico-pote-900g/p/MLB13088510#polycard_client=search-desktop&search_layout=grid&position=60&type=product&tracking_id=d35fff7a-84d0-4fbd-8a33-c689f2c6093b&wid=MLB3905025183&sid=search
AliExpress (BR);Carnibol Baunilha;Remoção de poeira Chama Espuma Filtros, Blocos mais limpos para A6 A8 CR10 Ender 3 Prusa I3 PLA ABS PETG Filamento, 2 5 10Pcs;6.26;1.0;6.26;https://www.aliexpress.com/ssr/300000512/BundleDeals2?productIds=1005001436875684:12000016109507312&pha_manifest=ssr&_immersiveMode=true&disableNav=YES&sourceName=SEARCHProduct&utparam-url=scene%3Asearch%7Cquery_from%3A%7Cx_object_id%3A1005001436875684%7C_p_origin_prod%3A&pvid=3e70de88-6bfc-4ef4-91ae-a33e00b92a88
AliExpress (BR);Carnibol Baunilha;Remoção de poeira Chama Espuma Filtros, Blocos mais limpos para A6 A8 CR10 Ender 3 Prusa I3 PLA ABS PETG Filamento, 2 5 10Pcs;6.26;1.0;6.26;https://www.aliexpress.com/ssr/300000512/BundleDeals2?productIds=1005001436875684:12000016109507312&pha_manifest=ssr&_immersiveMode=true&disableNav=YES&sourceName=SEARCHProduct&utparam-url=scene%3Asearch%7Cquery_from%3A%7Cx_object_id%3A1005001436875684%7C_p_origin_prod%3A&pvid=3e70de88-6bfc-4ef4-91ae-a33e00b92a88
AliExpress (BR);Carnibol Baunilha;8 estilos super guerreiro espada chaveiro para mulheres homens fivela titular ferramenta bainha katana sabre carro chaveiros presente Q-053;5.474;1.0;5.47;https://pt.aliexpress.com//pt.aliexpress.com/item/4000552098730.html?algo_pvid=3e70de88-6bfc-4ef4-91ae-a33e00b92a88&algo_exp_id=3e70de88-6bfc-4ef4-91ae-a33e00b92a88-1&pdp_ext_f=%7B%22order%22%3A%223646%22%2C%22eval%22%3A%221%22%2C%22fromPage%22%3A%22search%22%7D&pdp_npi=6%40dis%21BRL%215.98%215.47%21%21%211.06%210.97%21%4021032f3717709896624344166e8654%2110000002872168295%21sea%21BR%210%21ABX%211%210%21n_tag%3A-29910%3Bd%3A42c689da%3Bm03_new_user%3A-29895&curPageLogUid=w2gnrQZS6Oz9&utparam-url=scene%3Asearch%7Cquery_from%3A%7Cx_object_id%3A4000552098730%7C_p_origin_prod%3A
AliExpress (BR);Carnibol Baunilha;8 estilos super guerreiro espada chaveiro para mulheres homens fivela titular ferramenta bainha katana sabre carro chaveiros presente Q-053;5.474;1.0;5.47;https://pt.aliexpress.com//pt.aliexpress.com/item/4000552098730.html?algo_pvid=3e70de88-6bfc-4ef4-91ae-a33e00b92a88&algo_exp_id=3e70de88-6bfc-4ef4-91ae-a33e00b92a88-1&pdp_ext_f=%7B%22order%22%3A%223646%22%2C%22eval%22%3A%221%22%2C%22fromPage%22%3A%22search%22%7D&pdp_npi=6%40dis%21BRL%215.98%215.47%21%21%211.06%210.97%21%4021032f3717709896624344166e8654%2110000002872168295%21sea%21BR%210%21ABX%211%210%21n_tag%3A-29910%3Bd%3A42c689da%3Bm03_new_user%3A-29895&curPageLogUid=w2gnrQZS6Oz9&utparam-url=scene%3Asearch%7Cquery_from%3A%7Cx_object_id%3A4000552098730%7C_p_origin_prod%3A
AliExpress (BR);Carnibol Baunilha;Novo algodão cobertores do bebê recém-nascido macio algodão cobertor do bebê musselina swaddle envoltório alimentação burp pano toalha cachecol coisas do bebê 58x58cm;19.06;1.0;19.06;https://pt.aliexpress.com//pt.aliexpress.com/item/32959821072.html?algo_pvid=3e70de88-6bfc-4ef4-91ae-a33e00b92a88&algo_exp_id=3e70de88-6bfc-4ef4-91ae-a33e00b92a88-2&pdp_ext_f=%7B%22order%22%3A%221433%22%2C%22eval%22%3A%221%22%2C%22fromPage%22%3A%22search%22%7D&pdp_npi=6%40dis%21BRL%2119.06%2119.06%21%21%213.38%213.38%21%4021032f3717709896624344166e8654%2166439287389%21sea%21BR%210%21ABX%211%210%21n_tag%3A-29910%3Bd%3A42c689da%3Bm03_new_user%3A-29895&curPageLogUid=h6YvoFR3KYEb&utparam-url=scene%3Asearch%7Cquery_from%3A%7Cx_object_id%3A32959821072%7C_p_origin_prod%3A
Havan;Carnibol Baunilha;Seja o primeiro a avaliar este produto;39.99;1.0;39.99;https://www.havan.com.br/lip-balm-macaron-sabrina-sato-fps-24-hello-kitty-baunilha/p
Havan;Carnibol Baunilha;"(1)
                Avaliação";59.99;1.0;59.99;https://www.havan.com.br/conjunto-infantil-4-a-10-menino-anos-hot-dog-baunilhamarinho/p#tab-label-reviews-title
Havan;Carnibol Baunilha;"(7)
                Avaliações";49.99;1.0;49.99;https://www.havan.com.br/conjunto-infantil-yoyo-kids-menino-1-a-3-anos-baunilhagrafite/p#tab-label-reviews-title
Havan;Carnibol Baunilha;"(2)
                Avaliações";59.99;1.0;59.99;https://www.havan.com.br/conjunto-infantil-hot-dog-menino-4-a-10-anos-baunilhaverde-bambu/p#tab-label-reviews-title
Havan;Carnibol Baunilha;"(3)
                Avaliações";29.99;1.0;29.99;https://www.havan.com.br/camiseta-homem-aranha-infantil-marvel-4-a-10-anos-baunilha/p#tab-label-reviews-title
TerabyteShop;Carnibol Baunilha;Monitor Gamer Philips 241V8LAB, 23.8 Pol, Full HD, VA, 1ms, 100Hz, HDMI/VGA;1.049;1.0;1.05;https://www.terabyteshop.com.br/produto/37376/monitor-gamer-philips-241v8lab-238-pol-full-hd-va-1ms-100hz-hdmivga
TerabyteShop;Carnibol Baunilha;Monitor Gamer Philips 241V8LAB, 23.8 Pol, Full HD, VA, 1ms, 100Hz, HDMI/VGA;1.049;1.0;1.05;https://www.terabyteshop.com.br/produto/37376/monitor-gamer-philips-241v8lab-238-pol-full-hd-va-1ms-100hz-hdmivga
TerabyteShop;Carnibol Baunilha;Monitor Gamer Philips 241V8LAB, 23.8 Pol, Full HD, VA, 1ms, 100Hz, HDMI/VGA;1.049;1.0;1.05;https://www.terabyteshop.com.br/produto/37376/monitor-gamer-philips-241v8lab-238-pol-full-hd-va-1ms-100hz-hdmivga
TerabyteShop;Carnibol Baunilha;Monitor Gamer Philips 241V8LAB, 23.8 Pol, Full HD, VA, 1ms, 100Hz, HDMI/VGA;1.049;1.0;1.05;https://www.terabyteshop.com.br/produto/37376/monitor-gamer-philips-241v8lab-238-pol-full-hd-va-1ms-100hz-hdmivga
TerabyteShop;Carnibol Baunilha;Monitor Gamer Philips 241V8LAB, 23.8 Pol, Full HD, VA, 1ms, 100Hz, HDMI/VGA;1.049;1.0;1.05;https://www.terabyteshop.com.br/produto/37376/monitor-gamer-philips-241v8lab-238-pol-full-hd-va-1ms-100hz-hdmivga
Pichau;Carnibol Baunilha;Cadeira Gamer Pichau Omega S, Espuma Moldada, Braco 3D, Preta e Vermelha, PG-OMG-BRS01;1.129;1.0;1.13;https://www.pichau.com.br/cadeira-gamer-pichau-omega-s-espuma-moldada-braco-3d-preta-e-vermelha-pg-omg-brs01
Kalunga;Carnibol Baunilha;Papel Sulfite A4, 75g, 210mmx297mm, Chamex - PT 500 FL;32.9;1.0;32.9;https://www.kalunga.com.br/
Kabum;Carnibol Baunilha;SSD Kingston NV3, 1 TB, M.2 2280, PCIe 4.0 x4, NVMe, Leitura: 6000 MB/s, Gravação: 4000 MB/s, Azul - SNV3S/1000GR$ 999,99;999.99;1.0;999.99;https://www.kabum.com.br/produto/621162/ssd-kingston-nv3-1-tb-m-2-2280-pcie-4-0-x4-nvme-leitura-6000-mb-s-gravacao-4000-mb-s-azul-snv3s-1000g
Decathlon;Carnibol Baunilha;Ganhe 5% de desconto no PIX, nas compras acima de R$250 - confira condições!;250.0;1.0;250.0;https://www.decathlon.com.br/servicos/regras-de-promocoes/?origin=stripe
Decathlon;Carnibol Baunilha;Ganhe 5% de desconto no PIX, nas compras acima de R$250 - confira condições!;250.0;1.0;250.0;https://www.decathlon.com.br/servicos/regras-de-promocoes/?origin=stripe
Decathlon;Carnibol Baunilha;Tênis Masculino de Corrida Kr7 Fila Azul Branco;399.99;1.0;399.99;https://www.decathlon.com.br/tenis-masculino-de-corrida-kr7-azul-branco-8988509-fila/p
Decathlon;Carnibol Baunilha;Calçado Masculino de Trilha Nh50 Low Quechua Caqui;99.99;1.0;99.99;https://www.decathlon.com.br/calcado-masculino-de-trilha-nh50-low-caqui-8844091-quechua/p
Decathlon;Carnibol Baunilha;Barraca de Camping MH100 para 4 pessoas Quechua;949.99;1.0;949.99;https://www.decathlon.com.br/barraca-de-camping-4-pessoas-mh100-xxl-8755590-quechua/p
Sodimac;Carnibol Baunilha;Cômoda Lisboa Espelho Castanho Wood/Baunilha 170x104x45 em MDP Moval Móveis;500.0;1.0;500.0;https://www.sodimac.com.br/sodimac-br/category/cat2100001/novidades-moveis/
Sodimac;Carnibol Baunilha;Cômoda Lisboa Espelho Castanho Wood/Baunilha 170x104x45 em MDP Moval Móveis;519.0;1.0;519.0;https://www.sodimac.com.br/sodimac-br/product/902684/comoda-lisboa-espelho-castanho-wood-baunilha-170x104x45-em-mdp-moval-moveis/902684/
Sodimac;Carnibol Baunilha;Cômoda Lisboa Espelho Castanho Wood/Baunilha 170x104x45 em MDP Moval Móveis;519.0;1.0;519.0;https://www.sodimac.com.br/sodimac-br/product/902684/comoda-lisboa-espelho-castanho-wood-baunilha-170x104x45-em-mdp-moval-moveis/902684/
Sodimac;Carnibol Baunilha;Cômoda Lisboa Espelho Castanho Wood/Baunilha 170x104x45 em MDP Moval Móveis;519.0;1.0;519.0;https://www.sodimac.com.br/sodimac-br/product/902684/comoda-lisboa-espelho-castanho-wood-baunilha-170x104x45-em-mdp-moval-moveis/902684/
Sodimac;Carnibol Baunilha;Cômoda Lisboa Espelho Castanho Wood/Baunilha 170x104x45 em MDP Moval Móveis;519.0;1.0;519.0;https://www.sodimac.com.br/sodimac-br/product/902684/comoda-lisboa-espelho-castanho-wood-baunilha-170x104x45-em-mdp-moval-moveis/902684/
Netshoes;Carnibol Baunilha;Menos de R$50;50.0;1.0;50.0;https://www.netshoes.com.br/lst/tenis?_preco=0-5000&mi=hm_ger_mntop_C-FAI-menos50&psn=Menu_Top
Netshoes;Carnibol Baunilha;De R$50 até R$100;50.0;1.0;50.0;https://www.netshoes.com.br/lst/tenis?_preco=5000-10000&mi=hm_ger_mntop_C-FAI-50-100&psn=Menu_Top
Netshoes;Carnibol Baunilha;De R$100 até R$200;100.0;1.0;100.0;https://www.netshoes.com.br/lst/tenis?_preco=10000-20000&mi=hm_ger_mntop_C-FAI-100-200&psn=Menu_Top
Netshoes;Carnibol Baunilha;De R$200 até R$300;200.0;1.0;200.0;https://www.netshoes.com.br/busca?nsCat=Natural&q=tenis&_preco=20000-30000&mi=hm_ger_mntop_C-FAI-200-300&psn=Menu_Top&fc=menu
Netshoes;Carnibol Baunilha;De R$300 até R$500;300.0;1.0;300.0;https://www.netshoes.com.br/lst/tenis?_preco=30000-50000&mi=hm_ger_mntop_C-FAI-300-500&psn=Menu_Top
Drogaria São Paulo;Carnibol Baunilha;Desconto Laboratório;229.9;1.0;229.9;https://www.drogariasaopaulo.com.br/carnibol-935319113/p
Drogaria São Paulo;Carnibol Baunilha;Desconto Laboratório;189.99;1.0;189.99;https://www.drogariasaopaulo.com.br/descontos/pbm
Drogaria São Paulo;Carnibol Baunilha;Desconto Laboratório;189.99;1.0;189.99;https://www.drogariasaopaulo.com.br/descontos/pbm
Drogaria São Paulo;Carnibol Baunilha;Leve Mais Por Menos;189.99;1.0;189.99;https://www.drogariasaopaulo.com.br/checkout/cart/add?sku=935319074&qty=1&seller=Darkness&sc=1
Drogaria São Paulo;Carnibol Baunilha;Leve Mais Por Menos;189.99;1.0;189.99;https://www.drogariasaopaulo.com.br/checkout/cart/add?sku=935319074&qty=1&seller=Darkness&sc=1
Dafiti;Carnibol Baunilha;R$ 500 - R$ 1000;500.0;1.0;500.0;https://www.dafiti.com.br/catalog/?q=Carnibol%20Baunilha&price=500-1000
Dafiti;Carnibol Baunilha;acima de R$ 1000;1000.0;1.0;1000.0;https://www.dafiti.com.br/catalog/?q=Carnibol%20Baunilha&price=1000-3331
PneuStore;Carnibol Baunilha;Pneu Pirelli Aro 16 Scorpion Verde All Season 235/60R16 100H;927.67;1.0;927.67;https://www.pneustore.com.br/categorias/pneus-de-carro/suv-caminhonete/produto/pneu-pirelli-aro-16-scorpion-verde-all-season-235-60r16-100h-10070076
PneuStore;Carnibol Baunilha;Pneu Pirelli Aro 16 Scorpion Verde All Season 235/60R16 100H;927.67;1.0;927.67;https://www.pneustore.com.br/categorias/pneus-de-carro/suv-caminhonete/produto/pneu-pirelli-aro-16-scorpion-verde-all-season-235-60r16-100h-10070076
PneuStore;Carnibol Baunilha;Pneu Pirelli Aro 16 Scorpion Verde All Season 235/60R16 100H;927.67;1.0;927.67;https://www.pneustore.com.br/categorias/pneus-de-carro/suv-caminhonete/produto/pneu-pirelli-aro-16-scorpion-verde-all-season-235-60r16-100h-10070076
PneuStore;Carnibol Baunilha;Pneu Pirelli Aro 16 Chrono (MO) 195/75R16C 107R;1.148;1.0;1.15;https://www.pneustore.com.br/categorias/pneus-de-vans-e-utilit%C3%A1rios/pneus-195-75r16c/produto/pneu-pirelli-aro-16-chrono-%28mo%29-195-75r16c-107r--10070085
PneuStore;Carnibol Baunilha;Pneu Pirelli Aro 16 Chrono (MO) 195/75R16C 107R;1.148;1.0;1.15;https://www.pneustore.com.br/categorias/pneus-de-vans-e-utilit%C3%A1rios/pneus-195-75r16c/produto/pneu-pirelli-aro-16-chrono-%28mo%29-195-75r16c-107r--10070085
Renner;Carnibol Baunilha;Body Básico em Poliamida com Gola Redonda;119.903;1.0;119.9;https://www.lojasrenner.com.br/p/body-basico-em-poliamida-com-gola-redonda/-/A-818446666-br.lr?sku=818446711
Renner;Carnibol Baunilha;Body Básico em Poliamida com Gola Redonda;119.903;1.0;119.9;https://www.lojasrenner.com.br/p/body-basico-em-poliamida-com-gola-redonda/-/A-818446666-br.lr?sku=818446711
Renner;Carnibol Baunilha;Body Básico em Poliamida com Gola Redonda;119.903;1.0;119.9;https://www.lojasrenner.com.br/p/body-basico-em-poliamida-com-gola-redonda/-/A-818446666-br.lr?sku=930398676
Renner;Carnibol Baunilha;Body Básico em Poliamida com Gola Redonda;119.903;1.0;119.9;https://www.lojasrenner.com.br/p/body-basico-em-poliamida-com-gola-redonda/-/A-818446666-br.lr?sku=930900806
Renner;Carnibol Baunilha;Body Básico em Poliamida com Gola Redonda;119.903;1.0;119.9;https://www.lojasrenner.com.br/p/body-basico-em-poliamida-com-gola-redonda/-/A-818446666-br.lr?sku=930653825
Loja do Mecânico;Carnibol Baunilha;"GANHE 5% DE DESCONTO* NA SUA PRIMEIRA COMPRA! USE O CUPOM
                1COMPRA

                    *Desconto máximo de R$75";75.0;1.0;75.0;https://www.lojadomecanico.com.br/primeira-compra
Loja do Mecânico;Carnibol Baunilha;Silicone Aromatizado Baunilha de 300ml BLACK BRASIL-300.107.0035(1);17.9;1.0;17.9;https://www.lojadomecanico.com.br/produto/182823/32/346/silicone-aromatizado-baunilha-de-300ml-black-brasil-300107003
Loja do Mecânico;Carnibol Baunilha;Silicone Aromatizado Baunilha de 300ml BLACK BRASIL-300.107.0035(1);17.9;1.0;17.9;https://www.lojadomecanico.com.br/produto/182823/32/346/silicone-aromatizado-baunilha-de-300ml-black-brasil-300107003
Loja do Mecânico;Carnibol Baunilha;Aromatizante para Carros Bubble Vanilla Baunilha AREON-966153Sem avaliações;15.9;1.0;15.9;https://www.lojadomecanico.com.br/produto/402901/63/874/aromatizante-para-carros-bubble-vanilla-baunilha-areon-966153
Loja do Mecânico;Carnibol Baunilha;Aromatizante para Carros Bubble Vanilla Baunilha AREON-966153Sem avaliações;15.9;1.0;15.9;https://www.lojadomecanico.com.br/produto/402901/63/874/aromatizante-para-carros-bubble-vanilla-baunilha-areon-966153
Riachuelo;Carnibol Baunilha;Kit body splash 200ml + sabonete líquido 300ml + hidratante 280g + geleia corporal Lírio e Baunilha 240g | be.U;125.99;1.0;125.99;https://www.riachuelo.com.br/produto/kit-body-splash-200ml-sabonete-liquido-300ml-hidratante-280g-geleia-corporal-lirio-e-baunilha-240g-be-u-KIT912315
Riachuelo;Carnibol Baunilha;Body splash Siciliano & Baunilha 260ml | Avatim;61.99;1.0;61.99;https://www.riachuelo.com.br/body-splash-siciliano-baunilha-260ml-avatim-16323068001_sku
Riachuelo;Carnibol Baunilha;Body splash Lírio e Baunilha 200ml | be.U;39.991;1.0;39.99;https://www.riachuelo.com.br/body-splash-lirio-e-baunilha-200ml-be-u-by-riachuelo-15961060001_sku_sku
Riachuelo;Carnibol Baunilha;Body splash desodorante corporal be unique 200ml roxo | be.U;29.99;1.0;29.99;https://www.riachuelo.com.br/body-splash-desodorante-corporal-be-unique-200ml-roxo-be-u-by-riachuelo-14811880001_sku_sku
Riachuelo;Carnibol Baunilha;Creme hidratante corporal desodorante baunilha 400ml | Eudora;55.991;1.0;55.99;https://www.riachuelo.com.br/creme-hidratante-corporal-desodorante-baunilha-400ml-eudora-15238873001_sku_sku
